,roc_auc,pr_auc
Logistic Regression,0.8465059805213258,0.6573393884585738
Random Forest,0.8437934330517451,0.6609759433969523
XGBoost,0.8382662946601567,0.6526739669905263
XGBoost (Tuned),0.848408638817846,0.6656073639318654
